{"eval/loss": 0.8818672895431519, "eval/val_mean_iou": 0.36116331544963676, "eval/val_mean_accuracy": 0.5415945882966761, "eval/val_overall_accuracy": 0.7593207541136119, "eval/val_accuracy_road": 0.7740464218924225, "eval/val_accuracy_sidewalk": 0.0, "eval/val_accuracy_pedestrian": 0.0, "eval/val_accuracy_rider": 0.7255180091953075, "eval/val_accuracy_vehicle": 0.7929041420688615, "eval/val_accuracy_building": 0.9144662441040287, "eval/val_accuracy_vegetation": 0.8376747871878115, "eval/val_accuracy_sky": 0.28814710192497694, "eval/val_accuracy_background": NaN, "eval/val_iou_road": 0.2289024390820835, "eval/val_iou_sidewalk": 0.0, "eval/val_iou_pedestrian": 0.0, "eval/val_iou_rider": 0.4842122161423336, "eval/val_iou_vehicle": 0.6145235845027636, "eval/val_iou_building": 0.6806168237576812, "eval/val_iou_vegetation": 0.7204045634299696, "eval/val_iou_sky": 0.16064689668226262, "eval/val_iou_background": NaN, "eval/runtime": 46.4751, "eval/samples_per_second": 1.076, "eval/steps_per_second": 0.194, "train/epoch": 1.0, "train/global_step": 159, "_timestamp": 1697230204.377537, "_runtime": 635.0370900630951, "_step": 1, "train/train_runtime": 578.9032, "train/train_samples_per_second": 1.641, "train/train_steps_per_second": 0.275, "train/total_flos": 1.66596220551168e+16, "train/train_loss": 1.060644953505798, "_wandb": {"runtime": 634}}