{"eval/loss": 0.6067101955413818, "eval/val_mean_iou": 0.1162626624949582, "eval/val_mean_accuracy": 0.5548483843081311, "eval/val_overall_accuracy": 0.7593143887020448, "eval/val_accuracy_good": 0.8391974232340816, "eval/val_accuracy_fair": 0.7554449134706739, "eval/val_accuracy_poor": 0.06990281621963783, "eval/val_accuracy_severe": NaN, "eval/val_iou_good": 0.21794316615625078, "eval/val_iou_fair": 0.24185059442360662, "eval/val_iou_poor": 0.005256889399975358, "eval/val_iou_severe": 0.0, "eval/runtime": 51.3329, "eval/samples_per_second": 0.857, "eval/steps_per_second": 0.156, "train/epoch": 3.0, "train/global_step": 198, "_timestamp": 1697164172.5121548, "_runtime": 1007.2457098960876, "_step": 3, "train/train_runtime": 1001.9877, "train/train_samples_per_second": 1.186, "train/train_steps_per_second": 0.198, "train/total_flos": 2.082609248285491e+16, "train/train_loss": 0.7132152981228299, "_wandb": {"runtime": 1006}}